title,link,categories
#66 Steady Home Maintenance – J.R. Crowell (Part 1),https://handymanmarketingpros.com/66-steady-home-maintenance-j-r-crowell-part-1/,"Systems, CRM & Operational Efficiency; Hiring, Team Building & Scaling; Commercial, Property Management & Recurring Revenue"
#65 Vision Handyman – Joe Carlisle (Part 2),https://handymanmarketingpros.com/65-vision-handyman-joe-carlisle-part-2/,"Pricing, Estimating & Profitability; Niches, Service Mix & Positioning; Mindset, Leadership & Personal Growth"
#64 Vision Handyman – Joe Carlisle (Part 1),https://handymanmarketingpros.com/64-vision-handyman-joe-carlisle-part-1/,"Niches, Service Mix & Positioning; Marketing, Reviews & Lead Generation; Branding, Customer Experience & Reputation"
#63 List-B-Done – Garin Wright (Part 2),https://handymanmarketingpros.com/63-list-b-done-garin-wright-part-2/,"Systems, CRM & Operational Efficiency; Pricing, Estimating & Profitability; Hiring, Team Building & Scaling"
#62 List-B-Done – Garin Wright (Part 1),https://handymanmarketingpros.com/62-list-b-done-garin-wright-part-1/,"Getting Started & Going Full-Time; Commercial, Property Management & Recurring Revenue; Faith, Family & Lifestyle Design"
#61 Home Healer Handyman – Amon Medinger,https://handymanmarketingpros.com/61-home-healer-handyman-amon-medinger/,"Getting Started & Going Full-Time; Pricing, Estimating & Profitability; Marketing, Reviews & Lead Generation"
#60 Dakota Small Jobs – Jon Sanders (Part 2),https://handymanmarketingpros.com/60-dakota-small-jobs-with-jon-sanders-part-2/,"Hiring, Team Building & Scaling; Marketing, Reviews & Lead Generation; Pricing, Estimating & Profitability"
#59 Dakota Small Jobs – Jon Sanders (Part 1),https://handymanmarketingpros.com/59-dakota-small-jobs-with-jon-sanders-part-1/,"Mindset, Leadership & Personal Growth; Faith, Family & Lifestyle Design; Hiring, Team Building & Scaling"
#58 Platinum Handyman Solutions – Jason Havstad (Part 2),https://handymanmarketingpros.com/58-platinum-handyman-solutions-with-jason-havstad-part-2/,"Niches, Service Mix & Positioning; Systems, CRM & Operational Efficiency; Branding, Customer Experience & Reputation"
#57 Platinum Handyman Solutions – Jason Havstad,https://handymanmarketingpros.com/57-platinum-handyman-solutions-with-jason-havstad/,"Getting Started & Going Full-Time; Niches, Service Mix & Positioning; Pricing, Estimating & Profitability"
#56 The Bliss Fix – Jim Bliss,https://handymanmarketingpros.com/56-the-bliss-fix-with-jim-bliss/,"Getting Started & Going Full-Time; Branding, Customer Experience & Reputation; Faith, Family & Lifestyle Design"
#55 Honest Lee Handyman’s CRM Journey & Launching Our CRM,https://handymanmarketingpros.com/55-honest-lee-handymans-crm-journey-and-launching-our-crm/,"Systems, CRM & Operational Efficiency; Marketing, Reviews & Lead Generation; Mindset, Leadership & Personal Growth"
#54 How Honest Lee Estimates Handyman Jobs,https://handymanmarketingpros.com/54-how-honest-lee-estimates-handyman-jobs/,"Pricing, Estimating & Profitability; Systems, CRM & Operational Efficiency; Mindset, Leadership & Personal Growth"
#53 Simple Man Handyman (Part 2),https://handymanmarketingpros.com/53-simple-man-handyman-part-2/,"Getting Started & Going Full-Time; Marketing, Reviews & Lead Generation; Mindset, Leadership & Personal Growth"
#52 Simple Man Handyman (Part 1),https://handymanmarketingpros.com/52-simple-man-handyman-part-1/,"Getting Started & Going Full-Time; Pricing, Estimating & Profitability; Branding, Customer Experience & Reputation"
#51 Toolin’ Around Handyman (Part 2),https://handymanmarketingpros.com/51-toolin-around-handyman-part-2/,"Marketing, Reviews & Lead Generation; Branding, Customer Experience & Reputation; Hiring, Team Building & Scaling"
#50 Toolin’ Around Handyman (Part 1),https://handymanmarketingpros.com/50-toolin-around-handyman-part-1/,"Getting Started & Going Full-Time; Pricing, Estimating & Profitability; Hiring, Team Building & Scaling"
#49 5D Handyman (Part 2),https://handymanmarketingpros.com/49-5d-handyman-part-2/,"Commercial, Property Management & Recurring Revenue; Mindset, Leadership & Personal Growth; Branding, Customer Experience & Reputation"
#48 5D Handyman (Part 1),https://handymanmarketingpros.com/48-5d-handyman-part-1/,"Getting Started & Going Full-Time; Faith, Family & Lifestyle Design; Mindset, Leadership & Personal Growth"
#47 All-Star Handyman (Part 2),https://handymanmarketingpros.com/47-all-star-handyman-part-2/,"Mindset, Leadership & Personal Growth; Pricing, Estimating & Profitability; Hiring, Team Building & Scaling"
#46 All-Star Handyman (Part 1),https://handymanmarketingpros.com/46-all-star-handyman-part-1/,"Getting Started & Going Full-Time; Niches, Service Mix & Positioning; Marketing, Reviews & Lead Generation"
#45 The Business Mindset,https://handymanmarketingpros.com/45-the-business-mindset/,"Mindset, Leadership & Personal Growth; Pricing, Estimating & Profitability; Hiring, Team Building & Scaling"
#44 T. Smitty’s Handyman (Part 2),https://handymanmarketingpros.com/t-smittys-part-2/,"Faith, Family & Lifestyle Design; Mindset, Leadership & Personal Growth; Branding, Customer Experience & Reputation"
#43 T. Smitty’s Handyman (Part 1),https://handymanmarketingpros.com/t-smittys-part-1/,"Getting Started & Going Full-Time; Pricing, Estimating & Profitability; Marketing, Reviews & Lead Generation"
#42 Honest Lee Handyman (Part 2),https://handymanmarketingpros.com/42-honest-lee-handyman-part-2/,"Commercial, Property Management & Recurring Revenue; Pricing, Estimating & Profitability; Systems, CRM & Operational Efficiency"
#41 Honest Lee Handyman (Part 1),https://handymanmarketingpros.com/41-honest-lee-handyman-part-1/,"Mindset, Leadership & Personal Growth; Hiring, Team Building & Scaling; Systems, CRM & Operational Efficiency"
#40 NW Moss Removal,https://handymanmarketingpros.com/40-nw-moss-removal/,"Niches, Service Mix & Positioning; Commercial, Property Management & Recurring Revenue; Mindset, Leadership & Personal Growth"
#39 CheckMark Pros,https://handymanmarketingpros.com/39-checkmark-pros/,"Branding, Customer Experience & Reputation; Hiring, Team Building & Scaling; Mindset, Leadership & Personal Growth"
"#38 Winn Fuqua, Winn’s Real Handy",https://handymanmarketingpros.com/38-winn-fuqua-winns-real-handy/,"Niches, Service Mix & Positioning; Branding, Customer Experience & Reputation; Faith, Family & Lifestyle Design"
"#37 Phil Green, Rapid Repair Pro",https://handymanmarketingpros.com/37-phil-green-rapid-repair-pro/,"Pricing, Estimating & Profitability; Hiring, Team Building & Scaling; Systems, CRM & Operational Efficiency"
"#36 Cody Seibel, Seibel Handyman And Remodel",https://handymanmarketingpros.com/36-cody-seibel-seibel-handyman-and-remodel/,"Pricing, Estimating & Profitability; Marketing, Reviews & Lead Generation; Faith, Family & Lifestyle Design"
"#35 Carrie Bolander, Handy Mother-Fixer",https://handymanmarketingpros.com/35-carrie-bolander-handy-mother-fixer/,"Pricing, Estimating & Profitability; Systems, CRM & Operational Efficiency; Marketing, Reviews & Lead Generation"
"#34 AJ Corcoran, Greenshire Handyman",https://handymanmarketingpros.com/34-aj-corcoran-greenshire-handyman/,"Getting Started & Going Full-Time; Faith, Family & Lifestyle Design; Mindset, Leadership & Personal Growth"
"#33 Ray Duke, Bulletproof Handyman",https://handymanmarketingpros.com/33-ray-duke-bulletproof-handyman/,"Commercial, Property Management & Recurring Revenue; Niches, Service Mix & Positioning; Systems, CRM & Operational Efficiency"
"#32 Brent Colquitt, OC Tasker",https://handymanmarketingpros.com/episode-32-brent-colquitt-oc-tasker/,"Getting Started & Going Full-Time; Systems, CRM & Operational Efficiency; Pricing, Estimating & Profitability"
"#31 Travis Gibson, Su Casa Handyman",https://handymanmarketingpros.com/episode-31-travis-gibson-su-casa-handyman/,"Getting Started & Going Full-Time; Mindset, Leadership & Personal Growth; Pricing, Estimating & Profitability"
"#30 Benjamin Schneider, The Wyoming Handyman",https://handymanmarketingpros.com/episode-30-benjamin-schneider-the-wyoming-handyman/,"Getting Started & Going Full-Time; Pricing, Estimating & Profitability; Marketing, Reviews & Lead Generation"
"#29 Logan Lawless, Lawless Home Improvement",https://handymanmarketingpros.com/episode-29-logan-lawless-lawless-home-improvement/,"Mindset, Leadership & Personal Growth; Getting Started & Going Full-Time; Hiring, Team Building & Scaling"
"#28 Dan Kush, Handymanish",https://handymanmarketingpros.com/episode-28-dan-kush-handymanish/,"Niches, Service Mix & Positioning; Mindset, Leadership & Personal Growth; Branding, Customer Experience & Reputation"
"#27 Kevin Moules, Dynamic Handyman Solutions",https://handymanmarketingpros.com/episode-27-kevin-moules-dynamic-handyman-solutions/,"Getting Started & Going Full-Time; Pricing, Estimating & Profitability; Faith, Family & Lifestyle Design"
"#26 Roger Chong, Bilt Rite Furniture Assembly & Installation",https://handymanmarketingpros.com/episode-26-roger-chong-bilt-rite-furniture-assembly-installation/,"Niches, Service Mix & Positioning; Commercial, Property Management & Recurring Revenue; Systems, CRM & Operational Efficiency"
"#25 Samantha Pearl, My Handyma’am",https://handymanmarketingpros.com/episode-25-samantha-pearl-my-handymaam/,"Pricing, Estimating & Profitability; Marketing, Reviews & Lead Generation; Getting Started & Going Full-Time"
"#24 Layne Kilgore, Ladies Under Pressure",https://handymanmarketingpros.com/episode-24-layne-kilgore-ladies-under-pressure/,"Niches, Service Mix & Positioning; Mindset, Leadership & Personal Growth; Branding, Customer Experience & Reputation"
"#23 Rick McFadden, Enhance Property Maintenance",https://handymanmarketingpros.com/episode-23-rick-mcfadden-enhance-property-maintenance/,"Hiring, Team Building & Scaling; Systems, CRM & Operational Efficiency; Marketing, Reviews & Lead Generation"
"#22 Sam Gane, Stelmeric Home Services",https://handymanmarketingpros.com/episode-22-sam-gane-stelmeric-home-services/,"Getting Started & Going Full-Time; Pricing, Estimating & Profitability; Marketing, Reviews & Lead Generation"
"#21 Mike Kleisch, Dane County Handyman",https://handymanmarketingpros.com/episode-21-mike-kleisch-dane-county-handyman/,"Commercial, Property Management & Recurring Revenue; Systems, CRM & Operational Efficiency; Niches, Service Mix & Positioning"
"#20 Allen Lee, The Handyman Journey",https://handymanmarketingpros.com/episode-20-allen-lee-the-handyman-journey/,"Mindset, Leadership & Personal Growth; Getting Started & Going Full-Time; Faith, Family & Lifestyle Design"
"#19 Jason Call, Handyman Marketing Pros",https://handymanmarketingpros.com/episode-19-jason-call-handyman-marketing-pros/,"Mindset, Leadership & Personal Growth; Marketing, Reviews & Lead Generation; Faith, Family & Lifestyle Design"
"#18 Nick Jensen, Envy Maintenance & Repair",https://handymanmarketingpros.com/episode-18-nick-jensen-envy-maintenance-repair/,"Commercial, Property Management & Recurring Revenue; Systems, CRM & Operational Efficiency; Niches, Service Mix & Positioning"
"#17 Malcolm Nicolson, Style Revamp",https://handymanmarketingpros.com/episode-17-malcolm-nicolson-style-revamp/,"Niches, Service Mix & Positioning; Branding, Customer Experience & Reputation; Pricing, Estimating & Profitability"
"#16 Chris Lalomia, The Trusted Toolbox",https://handymanmarketingpros.com/episode-16-chris-lalomia-the-trusted-toolbox/,"Hiring, Team Building & Scaling; Systems, CRM & Operational Efficiency; Mindset, Leadership & Personal Growth"
"#15 Marlin Landers, Landers Home Services",https://handymanmarketingpros.com/episode-15-marlin-landers-landers-home-services/,"Getting Started & Going Full-Time; Marketing, Reviews & Lead Generation; Pricing, Estimating & Profitability"
#14 Mike Radcliffe Professional Handyman Services,https://handymanmarketingpros.com/episode-14-mike-radcliffe-professional-handyman-services/,"Faith, Family & Lifestyle Design; Pricing, Estimating & Profitability; Mindset, Leadership & Personal Growth"
"#13 Maui Steve & Kellie, Dynamic Trades Services",https://handymanmarketingpros.com/episode-13-maui-steve-kellie-dynamic-trades-services/,"Faith, Family & Lifestyle Design; Marketing, Reviews & Lead Generation; Commercial, Property Management & Recurring Revenue"
"#12 Josef Millis, Millis Construction",https://handymanmarketingpros.com/episode-12-josef-millis-millis-construction/,"Commercial, Property Management & Recurring Revenue; Pricing, Estimating & Profitability; Marketing, Reviews & Lead Generation"
"#11 Charlie Engen, Red Level Improvements",https://handymanmarketingpros.com/episode-11-charlie-engen-red-level-improvements/,"Hiring, Team Building & Scaling; Branding, Customer Experience & Reputation; Pricing, Estimating & Profitability"
"#10 Ben Alexander, Hank’s Handyman",https://handymanmarketingpros.com/episode-10-ben-alexander-hanks-handyman/,"Hiring, Team Building & Scaling; Pricing, Estimating & Profitability; Systems, CRM & Operational Efficiency"
"#9 Keith Donahue, Doctor Fix-It",https://handymanmarketingpros.com/episode-9-keith-donahue-doctor-fix-it/,"Hiring, Team Building & Scaling; Systems, CRM & Operational Efficiency; Marketing, Reviews & Lead Generation"
"#8 Allen Lee, Honest Lee Handyman Services",https://handymanmarketingpros.com/episode-8-allen-lee-honest-lee-handyman-services/,"Hiring, Team Building & Scaling; Pricing, Estimating & Profitability; Marketing, Reviews & Lead Generation"
"#7 Eric Buehner, Derby City Services",https://handymanmarketingpros.com/episode-7-eric-beuhner-derby-city-services/,"Niches, Service Mix & Positioning; Marketing, Reviews & Lead Generation; Getting Started & Going Full-Time"
#6 Mike Benner & Always Dependable Handyman Services,https://handymanmarketingpros.com/episode-6-mike-benner-always-dependable-handyman-services/,"Hiring, Team Building & Scaling; Getting Started & Going Full-Time; Pricing, Estimating & Profitability"
#5 Stephen Capps,https://handymanmarketingpros.com/episode-5-stephen-capps/,"Getting Started & Going Full-Time; Mindset, Leadership & Personal Growth; Pricing, Estimating & Profitability"
#4 Brian Davis and Complete Maintenance & Home Watch Services,https://handymanmarketingpros.com/episode-4-brian-davis-and-complete-maintenance-home-watch-services/,"Commercial, Property Management & Recurring Revenue; Systems, CRM & Operational Efficiency; Getting Started & Going Full-Time"
#3 Chris Olson & Pacific Home Maintenance,https://handymanmarketingpros.com/episode-3-chris-olson-pacific-home-maintenance/,"Hiring, Team Building & Scaling; Systems, CRM & Operational Efficiency; Pricing, Estimating & Profitability"
#2 The Newtown Handyman,https://handymanmarketingpros.com/episode-2-the-newtown-handyman/,"Systems, CRM & Operational Efficiency; Marketing, Reviews & Lead Generation; Pricing, Estimating & Profitability"
#1 PJP Handyman in San Antonio,https://handymanmarketingpros.com/pjp-handyman/,"Pricing, Estimating & Profitability; Marketing, Reviews & Lead Generation; Systems, CRM & Operational Efficiency"
